timestamp,event,source,algo,size,sig
2025-12-07T18:19:42Z,ingest,text,sha256,18,29e793a480139e8b8c64478a6c6e09a0ffcc3e0fb58f0b6e876d87d19a3e1a27
2025-12-07T18:19:42Z,encrypt,sha256,b5273897be36,a9d30032b70012bf564d9265ddf62da4f5d610319b4931647ac4f168df0a1c98
2025-12-07T18:19:42Z,summarize,1,78b2c3bcd357c7e534b75dac643962fd4dcdf16150aad8b7535c2b9129224f47
2025-12-07T18:22:13Z,ingest,text,sha256,18,f4b0221b38ae436cb02abb5ad449f159d432cbe47febe6273b8755b9aab6f7d4
2025-12-07T18:22:13Z,encrypt,sha256,b5273897be36,453e82fe3f429e4da9e78a3e775abc31d1a2336b505b29b1e027619bde4b292a
2025-12-07T18:22:13Z,summarize,1,b0aa7a28c27cf5d1adc7f5bbda6eaab299c9c9deb48fa6a7490ab60780d6c02b
2025-12-07T18:23:29Z,ingest,text,sha256,18,3842d35a1410c34bb18473d7c7741689e81280262b2ba985567796c6f6f06e49
2025-12-07T18:23:29Z,encrypt,sha256,b5273897be36,cd64f83a01b183bd198a07e5c02b4bf50851c31b73804818c1a119b0ed9a9e54
2025-12-07T18:23:29Z,summarize,1,7c464ed1180b9c43b65ef3f9c1faa0764b2bf5bbdca5e05141ab7c78644e4711
2025-12-07T18:23:56Z,ingest,text,sha256,18,d360a01018972687731eba7b8cdd48d405edaa01a9413334b490aa70f91961c2
2025-12-07T18:23:56Z,encrypt,sha256,b5273897be36,508c54cd0802dd4ebb38986360e349213c9042a2e4c2b9aa24d529310e54be93
2025-12-07T18:23:56Z,summarize,1,bef8c65414988f8a38d614b698b315464f3e13cfb3cb7b6f6ebc4709a98a1499
2025-12-07T18:25:11Z,ingest,text,sha256,18,adf05e89f00abe5385c56bc7b07fb4a16abd9009c525acbe0ca007861d9c79ad
2025-12-07T18:25:11Z,encrypt,sha256,b5273897be36,d35b6293027ec8aadd358054bb123fa403332104e31d2e8fb23c98186808258f
2025-12-07T18:25:11Z,summarize,1,7d45141f269ee36381f3efb086db8a9984272373da63eab41631aacb4d6c4174
2025-12-07T18:27:45Z,ingest,text,sha256,18,e057fb210a794b163dfd835b287520d4b4c4b31b3bf7f369ca5a40e603d8db89
2025-12-07T18:27:45Z,encrypt,sha256,b5273897be36,bb433cca153c9008e9942e7a0b57bd0a010b0e49a2f45034bcde6ede8205bac7
2025-12-07T18:27:45Z,summarize,1,a9232335062d16c339605a8a6548764facaaa219068db8f0544b021a3d2cf58e
2025-12-07T18:29:17Z,ingest,text,sha256,18,fe3797ea0926a06471d3b79e1c12f62edd910b131f715ca5ca29009c34dfb266
2025-12-07T18:29:17Z,encrypt,sha256,b5273897be36,f1a019f573619f9715a0e81bbf154977fc32bdf780cc244b4aac3c3fd79b47c5
2025-12-07T18:29:17Z,summarize,1,e9b9b60253ef34448a592a70903401e07299df176d24c3bd795d1bf1b2ca40fe
2025-12-07T18:31:16Z,ingest,text,sha256,18,1a0b3db8ff7a8994a05e006a9432b0be96d2c17bc8010bbda0a64aea974707f9
2025-12-07T18:31:17Z,encrypt,sha256,b5273897be36,c59d4a16f9e50f27f613aa5262528cffc40e3f2a4ed1ebe298aa218f54bc4a91
2025-12-07T18:31:17Z,summarize,1,cc54739be99284af2bc5b7a23caf1c8a7cac30ece1ddd0d67d91bbce14370ad6
2025-12-07T18:33:30Z,ingest,text,sha256,18,2cdc286ce640396aea38fc9454ad5a52360ab878304b715720f0b8b27191e8e3
2025-12-07T18:33:30Z,encrypt,sha256,b5273897be36,4b392806500601893f40df40d2762349cd3281fabf7ca9bff49bc7c98d6efa48
2025-12-07T18:33:31Z,summarize,1,d3546d5e76c956831cbe38e894daae3cbe2eb59c545a8c5fd14d115a7fcb7c3c
2025-12-07T18:34:33Z,ingest,text,sha256,18,df139418abe2e578ca01930c0ab45f42f85fec62459213d560660d24021ec884
2025-12-07T18:34:33Z,encrypt,sha256,b5273897be36,8b2b87495ea0f792323795fdc65e4a822e248971f04a511b708520f9291e3d55
2025-12-07T18:34:33Z,summarize,1,85dcc8e8ec5e6c3a1ac21453a69be2f4f5f9a050fb5cd0b743f8e5663c4d0805
2025-12-07T18:36:29Z,ingest,text,sha256,18,0cc847e98451ca3c38df098d51d0d07a2e14eb6d1c31c43616d4a6564cf98b15
2025-12-07T18:36:29Z,encrypt,sha256,b5273897be36,f3f68fc702eea8dd34f1f64f77e9fece3fb6bfb0908ecb8bb6c8138476893814
2025-12-07T18:36:29Z,summarize,1,3d1c953fb1ac9c215d16b6b004c761ca5b647fb9e1162cde9955352c9330114f
2025-12-07T18:39:14Z,ingest,text,sha256,18,cf724c35045fbc3603f06083a06877b8fa014612187f5a67279213190d58f152
2025-12-07T18:39:14Z,encrypt,sha256,b5273897be36,d626bd8b9bb19c4116dfdaa1031f10464ea1a568813e4c849a90083be78ae632
2025-12-07T18:39:14Z,summarize,1,41495d2440dc64039dbd89ab89594ff64040b81f31ca645160668b9de1e35e05
2025-12-07T18:43:42Z,ingest,text,sha256,18,29c457aaf8acfa22c501533fdb74a51e3ef2b9d87bccddea50a0fd1a34d0f474
2025-12-07T18:43:42Z,encrypt,sha256,b5273897be36,65eae95996040d1aa77f3ae5b22ffaaeafc485b1e3cf0d2df0704503a8c6faac
2025-12-07T18:43:42Z,summarize,1,1c20743e2f95c5c63652f3219ba0d8c0d65be9984232e98f466dc7e76ce49f68
2025-12-07T18:52:59Z,ingest,text,sha256,18,267786d15b97ec615de0178ae6cac241be11b5ed37e9275b48dde1d63e471483
2025-12-07T18:52:59Z,encrypt,sha256,b5273897be36,9923825eeb9d51070316be5f0d8f8ab2314797e6f9ba6706dea555ad3d4cc7c9
2025-12-07T18:52:59Z,summarize,1,343771803bf67b9167c55b5f083fca565e5af204db4aaaf9444c62a95c819a74
2025-12-07T18:53:59Z,ingest,text,sha256,18,7770ed7915753bc685ad88bc2593799e00d48f4d113438c8feade6c75195e45e
2025-12-07T18:53:59Z,encrypt,sha256,b5273897be36,754b0a18f648fbdf6589a2e2eed66ad0131e458de77010f20f7b8eca31a9920d
2025-12-07T18:53:59Z,summarize,1,bd479f83a5d4210920036b0f7017c73a4f32658e8f462d3942977a53c9b76fa9
2025-12-07T18:54:00Z,ingest,text,sha256,18,23f75ba4aa8f1d989486a3124d7ac836d447f912c35252306d523b8e53ef9179
2025-12-07T18:54:00Z,encrypt,sha256,b5273897be36,011f770b812b1eefcf3bebffcf7d1697c35d3feaa38a12697fd3128603bcb0c1
2025-12-07T18:54:00Z,summarize,1,1da37cbf97f773a910d4627eb94483ce8704a71dc5390bb40fdcf1ab9f3a6297
2025-12-07T18:58:02Z,ingest,text,sha256,18,4531ce5ccbf1b599b2650c521a23192919007d526a66623d3f050ee64d3920ad
2025-12-07T18:58:02Z,encrypt,sha256,b5273897be36,288864b74fe0839b2646e1a2d81e35f6b6c8bdff5f409eeaac08b29f6419f5a1
2025-12-07T18:58:02Z,summarize,1,becaaad0cf1b8219a0f45b3944c52c5763a7e2fe29594491533ad18615f206dd
2025-12-07T18:58:04Z,ingest,text,sha256,18,7ccce34978e0deb6189e8bdc4b706a269620b125833044fda0619e62b181421b
2025-12-07T18:58:04Z,encrypt,sha256,b5273897be36,72af98aadc49237026ef5faad4316f7fc6ae02afa46476fbf75eba5a340bd6dc
2025-12-07T18:58:04Z,summarize,1,5b6e17fc2c7c055365fc10a15db793a67b73fb474743bedf6755de60472f75c0
